,choice = 0,Coef.,Std.Err.,t,P>|t|,[0.025,0.975]
const,const,1.7753029766482282,0.1360571308238702,13.048217068066856,6.505199510516006e-39,1.508635900393588,2.0419700529028684
ad_bin,ad_bin,-0.7488752990192176,0.08476972447156873,-8.83423066062207,1.0078949122704586e-18,-0.915020905962876,-0.5827296920755591
price,price,-0.09009828047224987,0.005558388971660855,-16.209423437548374,4.326080189774005e-59,-0.10099252266876976,-0.07920403827572997
brand_H,brand_H,-0.8934682112138099,0.10499204482944802,-8.509865796643778,1.7413478565157374e-17,-1.099248837742743,-0.687687584684877
brand_P,brand_P,-0.4075323524732135,0.098624774898744,-4.132149887202465,3.5938593158780543e-05,-0.6008333592581216,-0.21423134568830532
